,iso,year,value,rank
0,IND,2003,7.92,1.0
1,UGA,2003,6.04,7.0
2,KEN,2003,6.46,5.0
3,MWI,2003,5.32,19.0
4,TZA,2003,5.98,8.0
5,EGY,2003,5.61,12.0
6,MDG,2003,5.69,10.0
7,ZMB,2003,7.22,3.0
8,SEN,2003,6.11,6.0
9,PHL,2003,4.67,31.0
10,MLI,2003,5.35,17.0
11,GTM,2003,5.02,22.0
12,TUR,2003,4.73,29.0
13,KGZ,2003,4.67,31.0
14,IDN,2003,5.94,9.0
15,PAK,2003,4.87,25.0
16,ZWE,2003,5.63,11.0
17,VNM,2003,4.25,41.0
18,MYS,2003,4.88,24.0
19,THA,2003,4.78,27.0
20,JOR,2003,4.59,33.0
21,MOZ,2003,5.07,21.0
22,CHN,2003,5.57,14.0
23,GHA,2003,5.59,13.0
24,YEM,2003,3.59,63.0
25,MEX,2003,4.67,31.0
26,ETH,2003,5.28,20.0
27,ISR,2003,4.45,37.0
28,TUN,2003,3.64,60.0
29,GIN,2003,4.58,34.0
30,CIV,2003,4.37,39.0
31,HND,2003,4.11,45.0
32,BLR,2003,4.19,42.5
33,LBN,2003,3.89,50.0
34,SRB,2003,,
35,KOR,2003,3.61,61.5
36,AGO,2003,5.49,15.0
37,SVK,2003,3.94,47.0
38,ROM,2003,3.38,70.0
39,UKR,2003,4.47,35.5
40,BIH,2003,2.85,97.0
41,CHE,2003,3.44,67.0
42,BRA,2003,4.76,28.0
43,UZB,2003,3.93,48.5
44,ESP,2003,3.93,48.5
45,KHM,2003,3.57,64.0
46,PRY,2003,3.32,73.0
47,SLV,2003,2.95,93.0
48,PRT,2003,2.72,102.0
49,BGR,2003,4.15,44.0
50,CMR,2003,3.43,68.0
51,NGA,2003,3.54,65.0
52,MAR,2003,3.08,83.0
53,POL,2003,4.19,42.5
54,LKA,2003,3.26,75.0
55,TJK,2003,3.69,55.5
56,GBR,2003,3.68,57.0
57,MRT,2003,7.47,2.0
58,HUN,2003,3.61,61.5
59,COL,2003,4.38,38.0
60,COG,2003,4.47,35.5
61,BGD,2003,3.13,81.0
62,EST,2003,3.34,72.0
63,PNG,2003,2.78,99.5
64,LAO,2003,4.27,40.0
65,SVN,2003,3.7,54.0
66,HRV,2003,3.37,71.0
67,FIN,2003,3.8,52.0
68,NAM,2003,4.89,23.0
69,GRC,2003,2.9,95.5
70,DOM,2003,3.07,85.0
71,IRL,2003,3.16,80.0
72,NIC,2003,3.42,69.0
73,CAN,2003,3.66,59.0
74,CZE,2003,3.69,55.5
75,ARG,2003,,
76,LVA,2003,2.9,95.5
77,BOL,2003,5.36,16.0
78,ZAF,2003,4.83,26.0
79,CRI,2003,3.08,83.0
80,LTU,2003,2.96,91.5
81,NLD,2003,3.18,78.5
82,MNG,2003,5.34,18.0
83,PER,2003,3.98,46.0
84,MDA,2003,3.0,89.0
85,BEL,2003,3.19,77.0
86,DNK,2003,3.05,86.5
87,SAU,2003,3.67,58.0
88,SWE,2003,3.78,53.0
89,ARE,2003,1.78,113.0
90,MKD,2003,2.37,106.0
91,RUS,2003,3.31,74.0
92,URY,2003,3.05,86.5
93,FRA,2003,3.2,76.0
94,MUS,2003,2.16,108.0
95,DZA,2003,1.96,111.0
96,JPN,2003,3.48,66.0
97,ECU,2003,3.08,83.0
98,OMN,2003,,
99,KAZ,2003,3.18,78.5
100,USA,2003,2.78,99.5
101,JAM,2003,,
102,CHL,2003,3.0,89.0
103,NZL,2003,2.75,101.0
104,IRN,2003,1.88,112.0
105,VEN,2003,2.53,105.0
106,ALB,2003,3.88,51.0
107,GEO,2003,2.94,94.0
108,KWT,2003,,
109,GAB,2003,1.71,114.0
110,ITA,2003,2.58,103.0
111,NOR,2003,2.12,110.0
112,AUT,2003,2.96,91.5
113,TKM,2003,3.0,89.0
114,BWA,2003,2.57,104.0
115,AZE,2003,6.89,4.0
116,QAT,2003,2.24,107.0
117,AUS,2003,2.8,98.0
118,CUB,2003,,
119,LBY,2003,1.1,115.0
120,TTO,2003,2.15,109.0
121,DEU,2003,0.39,116.0
122,KNA,2003,,
123,SST,2003,,
124,IMN,2003,,
125,BMU,2003,,
126,FSM,2003,,
127,SYR,2003,,
128,LCN,2003,,
129,SSF,2003,,
130,CPV,2003,,
131,ECA,2003,,
132,ISL,2003,,
133,BFA,2003,,
134,TGO,2003,,
135,MCO,2003,,
136,PYF,2003,,
137,ERI,2003,,
138,LIC,2003,,
139,SLB,2003,,
140,CYP,2003,,
141,SOM,2003,,
142,NCL,2003,,
143,MNP,2003,,
144,GMB,2003,,
145,ABW,2003,,
146,SAS,2003,,
147,COM,2003,,
148,SGP,2003,,
149,GNB,2003,,
150,TON,2003,,
151,GRL,2003,,
152,SWZ,2003,,
153,SYC,2003,,
154,EAP,2003,,
155,MNA,2003,,
156,OSS,2003,,
157,BRN,2003,,
158,MLT,2003,,
159,CAF,2003,,
160,ASM,2003,,
161,TUV,2003,,
162,NOC,2003,,
163,EMU,2003,,
164,LMC,2003,,
165,AND,2003,,
166,HIC,2003,,
167,CSS,2003,,
168,SXM,2003,,
169,LCA,2003,,
170,FCS,2003,,
171,CEB,2003,,
172,DJI,2003,,
173,NPL,2003,,
174,PAN,2003,,
175,MAC,2003,,
176,MHL,2003,,
177,PRI,2003,,
178,STP,2003,,
179,SLE,2003,,
180,DMA,2003,,
181,PLW,2003,,
182,VCT,2003,,
183,CYM,2003,,
184,BDI,2003,,
185,LDC,2003,,
186,VUT,2003,,
187,MEA,2003,,
188,MDV,2003,,
189,FRO,2003,,
190,ATG,2003,,
191,INX,2003,,
192,MAF,2003,,
193,NAC,2003,,
194,MIC,2003,,
195,MMR,2003,,
196,TCD,2003,,
197,CUW,2003,,
198,MNE,2003,,
199,COD,2003,,
200,EAS,2003,,
201,WLD,2003,,
202,AFG,2003,,
203,BRB,2003,,
204,GNQ,2003,,
205,CHI,2003,,
206,BHR,2003,,
207,SMR,2003,,
208,VIR,2003,,
209,LUX,2003,,
210,TLS,2003,,
211,GUM,2003,,
212,SSD,2003,,
213,FJI,2003,,
214,UMC,2003,,
215,TCA,2003,,
216,OEC,2003,,
217,SUR,2003,,
218,IRQ,2003,,
219,ARM,2003,,
220,RWA,2003,,
221,EUU,2003,,
222,LMY,2003,,
223,BTN,2003,,
224,NER,2003,,
225,ARB,2003,,
226,,2003,,
227,KIR,2003,,
228,HTI,2003,,
229,LSO,2003,,
230,OED,2003,,
231,PSE,2003,,
232,BEN,2003,,
233,HKG,2003,,
234,GRD,2003,,
235,LIE,2003,,
236,PSS,2003,,
237,ECS,2003,,
238,SSA,2003,,
239,BHS,2003,,
240,WSM,2003,,
241,HPC,2003,,
242,PRK,2003,,
243,LAC,2003,,
244,SDN,2003,,
245,BLZ,2003,,
246,GUY,2003,,
247,LBR,2003,,
248,IND,2004,7.68,1.0
249,UGA,2004,6.32,4.0
250,KEN,2004,6.48,2.0
251,MWI,2004,5.83,7.0
252,TZA,2004,6.45,3.0
253,EGY,2004,5.11,14.0
254,MDG,2004,5.51,11.0
255,ZMB,2004,5.45,12.0
256,SEN,2004,6.02,5.0
257,PHL,2004,4.76,22.5
258,MLI,2004,5.84,6.0
259,GTM,2004,4.88,19.0
260,TUR,2004,4.94,17.5
261,KGZ,2004,4.85,21.0
262,IDN,2004,5.7,8.0
263,PAK,2004,4.94,17.5
264,ZWE,2004,5.61,9.0
265,VNM,2004,4.39,30.0
266,MYS,2004,4.76,22.5
267,THA,2004,4.61,26.0
268,JOR,2004,4.87,20.0
269,MOZ,2004,4.63,25.0
270,CHN,2004,5.54,10.0
271,GHA,2004,5.0,15.5
272,YEM,2004,4.37,31.0
273,MEX,2004,4.71,24.0
274,ETH,2004,5.0,15.5
275,ISR,2004,4.55,28.0
276,TUN,2004,3.34,66.0
277,GIN,2004,5.15,13.0
278,CIV,2004,4.42,29.0
279,HND,2004,4.0,36.5
280,BLR,2004,3.92,41.0
281,LBN,2004,3.93,39.5
282,SRB,2004,,
283,KOR,2004,3.73,49.0
284,AGO,2004,4.34,32.0
285,SVK,2004,3.93,39.5
286,ROM,2004,3.44,60.5
287,UKR,2004,4.11,34.0
288,BIH,2004,2.91,88.0
289,CHE,2004,3.42,64.0
290,BRA,2004,4.6,27.0
291,UZB,2004,3.81,44.5
292,ESP,2004,3.75,46.5
293,KHM,2004,3.01,83.0
294,PRY,2004,3.61,53.0
295,SLV,2004,3.25,68.5
296,PRT,2004,3.05,81.5
297,BGR,2004,3.43,62.5
298,CMR,2004,3.46,58.5
299,NGA,2004,2.98,84.0
300,MAR,2004,2.97,85.0
301,POL,2004,4.0,36.5
302,LKA,2004,3.36,65.0
303,TJK,2004,4.13,33.0
304,GBR,2004,3.51,57.0
305,MRT,2004,3.64,52.0
306,HUN,2004,3.52,56.0
307,COL,2004,4.08,35.0
308,COG,2004,2.96,86.5
309,BGD,2004,3.22,71.5
310,EST,2004,3.19,75.0
311,PNG,2004,3.46,58.5
312,LAO,2004,3.53,55.0
313,SVN,2004,3.74,48.0
314,HRV,2004,3.16,77.0
315,FIN,2004,3.75,46.5
316,NAM,2004,3.3,67.0
317,GRC,2004,2.87,93.5
318,DOM,2004,3.07,78.5
319,IRL,2004,3.2,74.0
320,NIC,2004,3.22,71.5
321,CAN,2004,3.44,60.5
322,CZE,2004,3.71,50.5
323,ARG,2004,3.71,50.5
324,LVA,2004,2.96,86.5
325,BOL,2004,3.81,44.5
326,ZAF,2004,3.94,38.0
327,CRI,2004,3.21,73.0
328,LTU,2004,2.69,99.0
329,NLD,2004,3.07,78.5
330,MNG,2004,2.9,89.5
331,PER,2004,3.05,81.5
332,MDA,2004,2.71,98.0
333,BEL,2004,3.24,70.0
334,DNK,2004,3.17,76.0
335,SAU,2004,3.43,62.5
336,SWE,2004,3.85,42.0
337,ARE,2004,1.89,116.0
338,MKD,2004,2.23,109.0
339,RUS,2004,3.06,80.0
340,URY,2004,2.83,96.0
341,FRA,2004,2.89,91.0
342,MUS,2004,2.05,114.0
343,DZA,2004,2.3,104.0
344,JPN,2004,3.54,54.0
345,ECU,2004,2.1,113.0
346,OMN,2004,2.15,110.0
347,KAZ,2004,2.84,95.0
348,USA,2004,2.59,100.0
349,JAM,2004,1.65,117.0
350,CHL,2004,2.28,105.5
351,NZL,2004,2.79,97.0
352,IRN,2004,2.14,111.0
353,VEN,2004,2.88,92.0
354,ALB,2004,2.9,89.5
355,GEO,2004,2.28,105.5
356,KWT,2004,2.11,112.0
357,GAB,2004,2.55,101.0
358,ITA,2004,2.47,102.0
359,NOR,2004,1.93,115.0
360,AUT,2004,2.87,93.5
361,TKM,2004,2.24,108.0
362,BWA,2004,1.51,118.0
363,AZE,2004,3.25,68.5
364,QAT,2004,2.41,103.0
365,AUS,2004,2.27,107.0
366,CUB,2004,1.29,119.0
367,LBY,2004,1.27,120.0
368,TTO,2004,1.24,121.0
369,DEU,2004,0.25,122.0
370,KNA,2004,,
371,SST,2004,,
372,IMN,2004,,
373,BMU,2004,,
374,FSM,2004,,
375,SYR,2004,3.84,43.0
376,LCN,2004,,
377,SSF,2004,,
378,CPV,2004,,
379,ECA,2004,,
380,ISL,2004,,
381,BFA,2004,,
382,TGO,2004,,
383,MCO,2004,,
384,PYF,2004,,
385,ERI,2004,,
386,LIC,2004,,
387,SLB,2004,,
388,CYP,2004,,
389,SOM,2004,,
390,NCL,2004,,
391,MNP,2004,,
392,GMB,2004,,
393,ABW,2004,,
394,SAS,2004,,
395,COM,2004,,
396,SGP,2004,,
397,GNB,2004,,
398,TON,2004,,
399,GRL,2004,,
400,SWZ,2004,,
401,SYC,2004,,
402,EAP,2004,,
403,MNA,2004,,
404,OSS,2004,,
405,BRN,2004,,
406,MLT,2004,,
407,CAF,2004,,
408,ASM,2004,,
409,TUV,2004,,
410,NOC,2004,,
411,EMU,2004,,
412,LMC,2004,,
413,AND,2004,,
414,HIC,2004,,
415,CSS,2004,,
416,SXM,2004,,
417,LCA,2004,,
418,FCS,2004,,
419,CEB,2004,,
420,DJI,2004,,
421,NPL,2004,,
422,PAN,2004,,
423,MAC,2004,,
424,MHL,2004,,
425,PRI,2004,,
426,STP,2004,,
427,SLE,2004,,
428,DMA,2004,,
429,PLW,2004,,
430,VCT,2004,,
431,CYM,2004,,
432,BDI,2004,,
433,LDC,2004,,
434,VUT,2004,,
435,MEA,2004,,
436,MDV,2004,,
437,FRO,2004,,
438,ATG,2004,,
439,INX,2004,,
440,MAF,2004,,
441,NAC,2004,,
442,MIC,2004,,
443,MMR,2004,,
444,TCD,2004,,
445,CUW,2004,,
446,MNE,2004,,
447,COD,2004,,
448,EAS,2004,,
449,WLD,2004,,
450,AFG,2004,,
451,BRB,2004,,
452,GNQ,2004,,
453,CHI,2004,,
454,BHR,2004,,
455,SMR,2004,,
456,VIR,2004,,
457,LUX,2004,,
458,TLS,2004,,
459,GUM,2004,,
460,SSD,2004,,
461,FJI,2004,,
462,UMC,2004,,
463,TCA,2004,,
464,OEC,2004,,
465,SUR,2004,,
466,IRQ,2004,,
467,ARM,2004,,
468,RWA,2004,,
469,EUU,2004,,
470,LMY,2004,,
471,BTN,2004,,
472,NER,2004,,
473,ARB,2004,,
474,,2004,,
475,KIR,2004,,
476,HTI,2004,,
477,LSO,2004,,
478,OED,2004,,
479,PSE,2004,,
480,BEN,2004,,
481,HKG,2004,,
482,GRD,2004,,
483,LIE,2004,,
484,PSS,2004,,
485,ECS,2004,,
486,SSA,2004,,
487,BHS,2004,,
488,WSM,2004,,
489,HPC,2004,,
490,PRK,2004,,
491,LAC,2004,,
492,SDN,2004,,
493,BLZ,2004,,
494,GUY,2004,,
495,LBR,2004,,
496,IND,2005,7.61,1.0
497,UGA,2005,6.15,4.0
498,KEN,2005,6.95,2.0
499,MWI,2005,5.79,7.0
500,TZA,2005,6.24,3.0
501,EGY,2005,5.47,10.0
502,MDG,2005,5.99,6.0
503,ZMB,2005,5.19,13.0
504,SEN,2005,6.1,5.0
505,PHL,2005,4.58,23.0
506,MLI,2005,5.26,12.0
507,GTM,2005,5.17,14.0
508,TUR,2005,4.98,17.0
509,KGZ,2005,4.7,20.0
510,IDN,2005,5.63,8.0
511,PAK,2005,5.06,15.0
512,ZWE,2005,5.58,9.0
513,VNM,2005,4.24,33.0
514,MYS,2005,4.43,28.0
515,THA,2005,4.48,26.0
516,JOR,2005,4.73,19.0
517,MOZ,2005,4.5,25.0
518,CHN,2005,5.39,11.0
519,GHA,2005,4.61,22.0
520,YEM,2005,4.33,30.0
521,MEX,2005,4.63,21.0
522,ETH,2005,5.04,16.0
523,ISR,2005,4.54,24.0
524,TUN,2005,3.67,49.5
525,GIN,2005,4.46,27.0
526,CIV,2005,4.27,32.0
527,HND,2005,3.82,44.0
528,BLR,2005,3.89,40.0
529,LBN,2005,4.39,29.0
530,SRB,2005,4.18,34.0
531,KOR,2005,3.81,45.0
532,AGO,2005,3.14,75.5
533,SVK,2005,3.7,46.0
534,ROM,2005,3.67,49.5
535,UKR,2005,3.96,38.0
536,BIH,2005,3.19,73.0
537,CHE,2005,3.31,65.5
538,BRA,2005,4.82,18.0
539,UZB,2005,3.98,37.0
540,ESP,2005,3.62,51.0
541,KHM,2005,2.93,90.5
542,PRY,2005,3.69,47.0
543,SLV,2005,2.95,89.0
544,PRT,2005,3.05,81.0
545,BGR,2005,3.56,54.0
546,CMR,2005,3.32,63.5
547,NGA,2005,3.01,86.5
548,MAR,2005,3.24,69.0
549,POL,2005,3.86,42.5
550,LKA,2005,3.55,55.0
551,TJK,2005,4.28,31.0
552,GBR,2005,3.46,57.0
553,MRT,2005,3.86,42.5
554,HUN,2005,3.31,65.5
555,COL,2005,4.02,36.0
556,COG,2005,2.78,95.0
557,BGD,2005,3.39,59.0
558,EST,2005,3.3,67.0
559,PNG,2005,3.23,70.0
560,LAO,2005,3.59,52.5
561,SVN,2005,3.46,57.0
562,HRV,2005,3.21,71.0
563,FIN,2005,3.59,52.5
564,NAM,2005,3.33,62.0
565,GRC,2005,3.07,80.0
566,DOM,2005,3.14,75.5
567,IRL,2005,3.04,82.0
568,NIC,2005,3.03,84.0
569,CAN,2005,3.38,60.0
570,CZE,2005,3.35,61.0
571,ARG,2005,3.87,41.0
572,LVA,2005,3.1,78.5
573,BOL,2005,3.68,48.0
574,ZAF,2005,4.06,35.0
575,CRI,2005,3.2,72.0
576,LTU,2005,3.15,74.0
577,NLD,2005,2.9,92.0
578,MNG,2005,3.25,68.0
579,PER,2005,3.32,63.5
580,MDA,2005,2.76,96.0
581,BEL,2005,3.03,84.0
582,DNK,2005,3.03,84.0
583,SAU,2005,3.1,78.5
584,SWE,2005,3.46,57.0
585,ARE,2005,2.06,112.5
586,MKD,2005,2.49,100.0
587,RUS,2005,2.93,90.5
588,URY,2005,3.01,86.5
589,FRA,2005,2.72,97.0
590,MUS,2005,2.26,104.0
591,DZA,2005,2.19,108.0
592,JPN,2005,3.12,77.0
593,ECU,2005,2.06,112.5
594,OMN,2005,1.8,114.0
595,KAZ,2005,2.8,94.0
596,USA,2005,2.25,105.0
597,JAM,2005,1.6,118.0
598,CHL,2005,2.2,107.0
599,NZL,2005,2.81,93.0
600,IRN,2005,2.39,102.5
601,VEN,2005,3.0,88.0
602,ALB,2005,2.58,98.0
603,GEO,2005,2.39,102.5
604,KWT,2005,2.24,106.0
605,GAB,2005,1.75,115.5
606,ITA,2005,2.17,109.0
607,NOR,2005,1.63,117.0
608,AUT,2005,2.48,101.0
609,TKM,2005,2.16,110.0
610,BWA,2005,1.58,119.0
611,AZE,2005,2.52,99.0
612,QAT,2005,1.75,115.5
613,AUS,2005,2.11,111.0
614,CUB,2005,1.37,121.0
615,LBY,2005,1.55,120.0
616,TTO,2005,1.01,122.0
617,DEU,2005,-0.04,123.0
618,KNA,2005,,
619,SST,2005,,
620,IMN,2005,,
621,BMU,2005,,
622,FSM,2005,,
623,SYR,2005,3.95,39.0
624,LCN,2005,,
625,SSF,2005,,
626,CPV,2005,,
627,ECA,2005,,
628,ISL,2005,,
629,BFA,2005,,
630,TGO,2005,,
631,MCO,2005,,
632,PYF,2005,,
633,ERI,2005,,
634,LIC,2005,,
635,SLB,2005,,
636,CYP,2005,,
637,SOM,2005,,
638,NCL,2005,,
639,MNP,2005,,
640,GMB,2005,,
641,ABW,2005,,
642,SAS,2005,,
643,COM,2005,,
644,SGP,2005,,
645,GNB,2005,,
646,TON,2005,,
647,GRL,2005,,
648,SWZ,2005,,
649,SYC,2005,,
650,EAP,2005,,
651,MNA,2005,,
652,OSS,2005,,
653,BRN,2005,,
654,MLT,2005,,
655,CAF,2005,,
656,ASM,2005,,
657,TUV,2005,,
658,NOC,2005,,
659,EMU,2005,,
660,LMC,2005,,
661,AND,2005,,
662,HIC,2005,,
663,CSS,2005,,
664,SXM,2005,,
665,LCA,2005,,
666,FCS,2005,,
667,CEB,2005,,
668,DJI,2005,,
669,NPL,2005,,
670,PAN,2005,,
671,MAC,2005,,
672,MHL,2005,,
673,PRI,2005,,
674,STP,2005,,
675,SLE,2005,,
676,DMA,2005,,
677,PLW,2005,,
678,VCT,2005,,
679,CYM,2005,,
680,BDI,2005,,
681,LDC,2005,,
682,VUT,2005,,
683,MEA,2005,,
684,MDV,2005,,
685,FRO,2005,,
686,ATG,2005,,
687,INX,2005,,
688,MAF,2005,,
689,NAC,2005,,
690,MIC,2005,,
691,MMR,2005,,
692,TCD,2005,,
693,CUW,2005,,
694,MNE,2005,,
695,COD,2005,,
696,EAS,2005,,
697,WLD,2005,,
698,AFG,2005,,
699,BRB,2005,,
700,GNQ,2005,,
701,CHI,2005,,
702,BHR,2005,,
703,SMR,2005,,
704,VIR,2005,,
705,LUX,2005,,
706,TLS,2005,,
707,GUM,2005,,
708,SSD,2005,,
709,FJI,2005,,
710,UMC,2005,,
711,TCA,2005,,
712,OEC,2005,,
713,SUR,2005,,
714,IRQ,2005,,
715,ARM,2005,,
716,RWA,2005,,
717,EUU,2005,,
718,LMY,2005,,
719,BTN,2005,,
720,NER,2005,,
721,ARB,2005,,
722,,2005,,
723,KIR,2005,,
724,HTI,2005,,
725,LSO,2005,,
726,OED,2005,,
727,PSE,2005,,
728,BEN,2005,,
729,HKG,2005,,
730,GRD,2005,,
731,LIE,2005,,
732,PSS,2005,,
733,ECS,2005,,
734,SSA,2005,,
735,BHS,2005,,
736,WSM,2005,,
737,HPC,2005,,
738,PRK,2005,,
739,LAC,2005,,
740,SDN,2005,,
741,BLZ,2005,,
742,GUY,2005,,
743,LBR,2005,,
744,IND,2006,8.0,1.0
745,UGA,2006,6.56,4.0
746,KEN,2006,7.03,2.0
747,MWI,2006,6.09,6.0
748,TZA,2006,6.75,3.0
749,EGY,2006,5.02,15.0
750,MDG,2006,5.77,7.0
751,ZMB,2006,4.92,19.0
752,SEN,2006,6.19,5.0
753,PHL,2006,5.03,14.0
754,MLI,2006,5.01,16.5
755,GTM,2006,5.46,10.0
756,TUR,2006,4.97,18.0
757,KGZ,2006,5.08,12.0
758,IDN,2006,5.52,9.0
759,PAK,2006,5.01,16.5
760,ZWE,2006,5.56,8.0
761,VNM,2006,4.64,22.0
762,MYS,2006,4.44,27.0
763,THA,2006,4.5,25.5
764,JOR,2006,4.87,20.0
765,MOZ,2006,5.07,13.0
766,CHN,2006,5.25,11.0
767,GHA,2006,4.55,24.0
768,YEM,2006,4.22,31.0
769,MEX,2006,4.41,28.0
770,ETH,2006,4.85,21.0
771,ISR,2006,4.25,30.0
772,TUN,2006,3.63,45.0
773,GIN,2006,4.5,25.5
774,CIV,2006,4.05,33.0
775,HND,2006,3.97,36.0
776,BLR,2006,3.69,44.0
777,LBN,2006,4.3,29.0
778,SRB,2006,4.04,34.0
779,KOR,2006,3.72,41.5
780,AGO,2006,2.99,77.5
781,SVK,2006,3.51,48.5
782,ROM,2006,3.6,46.0
783,UKR,2006,3.87,38.0
784,BIH,2006,3.26,62.0
785,CHE,2006,2.95,83.0
786,BRA,2006,4.56,23.0
787,UZB,2006,3.82,39.0
788,ESP,2006,3.45,51.5
789,KHM,2006,3.2,65.0
790,PRY,2006,3.77,40.0
791,SLV,2006,3.27,60.5
792,PRT,2006,2.96,82.0
793,BGR,2006,3.45,51.5
794,CMR,2006,3.0,75.5
795,NGA,2006,3.51,48.5
796,MAR,2006,3.23,63.0
797,POL,2006,3.57,47.0
798,LKA,2006,3.49,50.0
799,TJK,2006,3.72,41.5
800,GBR,2006,3.14,68.0
801,MRT,2006,3.28,59.0
802,HUN,2006,3.36,56.0
803,COL,2006,3.98,35.0
804,COG,2006,2.79,88.0
805,BGD,2006,3.42,53.0
806,EST,2006,3.21,64.0
807,PNG,2006,3.12,69.5
808,LAO,2006,3.38,55.0
809,SVN,2006,3.15,67.0
810,HRV,2006,3.12,69.5
811,FIN,2006,3.27,60.5
812,NAM,2006,3.0,75.5
813,GRC,2006,2.98,80.0
814,DOM,2006,3.31,57.0
815,IRL,2006,2.87,85.0
816,NIC,2006,2.99,77.5
817,CAN,2006,3.3,58.0
818,CZE,2006,3.1,72.0
819,ARG,2006,3.71,43.0
820,LVA,2006,3.11,71.0
821,BOL,2006,3.39,54.0
822,ZAF,2006,3.92,37.0
823,CRI,2006,3.06,73.0
824,LTU,2006,3.03,74.0
825,NLD,2006,2.76,90.0
826,MNG,2006,2.98,80.0
827,PER,2006,2.68,94.0
828,MDA,2006,2.98,80.0
829,BEL,2006,2.73,91.0
830,DNK,2006,2.72,92.5
831,SAU,2006,2.93,84.0
832,SWE,2006,3.17,66.0
833,ARE,2006,1.96,111.0
834,MKD,2006,2.53,96.0
835,RUS,2006,2.78,89.0
836,URY,2006,2.65,95.0
837,FRA,2006,2.42,98.0
838,MUS,2006,1.91,112.5
839,DZA,2006,2.27,100.0
840,JPN,2006,2.82,87.0
841,ECU,2006,2.04,107.5
842,OMN,2006,1.85,114.0
843,KAZ,2006,2.86,86.0
844,USA,2006,1.99,110.0
845,JAM,2006,1.73,115.0
846,CHL,2006,2.09,106.0
847,NZL,2006,2.72,92.5
848,IRN,2006,2.51,97.0
849,VEN,2006,2.37,99.0
850,ALB,2006,2.25,101.0
851,GEO,2006,2.14,104.5
852,KWT,2006,1.4,118.0
853,GAB,2006,2.0,109.0
854,ITA,2006,1.91,112.5
855,NOR,2006,1.44,117.0
856,AUT,2006,2.21,102.0
857,TKM,2006,2.04,107.5
858,BWA,2006,1.08,121.0
859,AZE,2006,2.14,104.5
860,QAT,2006,1.66,116.0
861,AUS,2006,2.16,103.0
862,CUB,2006,1.29,120.0
863,LBY,2006,1.3,119.0
864,TTO,2006,0.74,122.0
865,DEU,2006,-0.46,123.0
866,KNA,2006,,
867,SST,2006,,
868,IMN,2006,,
869,BMU,2006,,
870,FSM,2006,,
871,SYR,2006,4.21,32.0
872,LCN,2006,,
873,SSF,2006,,
874,CPV,2006,,
875,ECA,2006,,
876,ISL,2006,,
877,BFA,2006,,
878,TGO,2006,,
879,MCO,2006,,
880,PYF,2006,,
881,ERI,2006,,
882,LIC,2006,,
883,SLB,2006,,
884,CYP,2006,,
885,SOM,2006,,
886,NCL,2006,,
887,MNP,2006,,
888,GMB,2006,,
889,ABW,2006,,
890,SAS,2006,,
891,COM,2006,,
892,SGP,2006,,
893,GNB,2006,,
894,TON,2006,,
895,GRL,2006,,
896,SWZ,2006,,
897,SYC,2006,,
898,EAP,2006,,
899,MNA,2006,,
900,OSS,2006,,
901,BRN,2006,,
902,MLT,2006,,
903,CAF,2006,,
904,ASM,2006,,
905,TUV,2006,,
906,NOC,2006,,
907,EMU,2006,,
908,LMC,2006,,
909,AND,2006,,
910,HIC,2006,,
911,CSS,2006,,
912,SXM,2006,,
913,LCA,2006,,
914,FCS,2006,,
915,CEB,2006,,
916,DJI,2006,,
917,NPL,2006,,
918,PAN,2006,,
919,MAC,2006,,
920,MHL,2006,,
921,PRI,2006,,
922,STP,2006,,
923,SLE,2006,,
924,DMA,2006,,
925,PLW,2006,,
926,VCT,2006,,
927,CYM,2006,,
928,BDI,2006,,
929,LDC,2006,,
930,VUT,2006,,
931,MEA,2006,,
932,MDV,2006,,
933,FRO,2006,,
934,ATG,2006,,
935,INX,2006,,
936,MAF,2006,,
937,NAC,2006,,
938,MIC,2006,,
939,MMR,2006,,
940,TCD,2006,,
941,CUW,2006,,
942,MNE,2006,,
943,COD,2006,,
944,EAS,2006,,
945,WLD,2006,,
946,AFG,2006,,
947,BRB,2006,,
948,GNQ,2006,,
949,CHI,2006,,
950,BHR,2006,,
951,SMR,2006,,
952,VIR,2006,,
953,LUX,2006,,
954,TLS,2006,,
955,GUM,2006,,
956,SSD,2006,,
957,FJI,2006,,
958,UMC,2006,,
959,TCA,2006,,
960,OEC,2006,,
961,SUR,2006,,
962,IRQ,2006,,
963,ARM,2006,,
964,RWA,2006,,
965,EUU,2006,,
966,LMY,2006,,
967,BTN,2006,,
968,NER,2006,,
969,ARB,2006,,
970,,2006,,
971,KIR,2006,,
972,HTI,2006,,
973,LSO,2006,,
974,OED,2006,,
975,PSE,2006,,
976,BEN,2006,,
977,HKG,2006,,
978,GRD,2006,,
979,LIE,2006,,
980,PSS,2006,,
981,ECS,2006,,
982,SSA,2006,,
983,BHS,2006,,
984,WSM,2006,,
985,HPC,2006,,
986,PRK,2006,,
987,LAC,2006,,
988,SDN,2006,,
989,BLZ,2006,,
990,GUY,2006,,
991,LBR,2006,,
992,IND,2007,8.13,1.0
993,UGA,2007,6.72,3.0
994,KEN,2007,6.62,4.0
995,MWI,2007,5.76,7.5
996,TZA,2007,6.87,2.0
997,EGY,2007,5.19,12.0
998,MDG,2007,6.02,6.0
999,ZMB,2007,5.47,10.5
1000,SEN,2007,6.4,5.0
1001,PHL,2007,4.71,22.0
1002,MLI,2007,4.96,19.5
1003,GTM,2007,5.47,10.5
1004,TUR,2007,4.96,19.5
1005,KGZ,2007,5.09,15.0
1006,IDN,2007,5.76,7.5
1007,PAK,2007,5.07,16.0
1008,ZWE,2007,5.56,9.0
1009,VNM,2007,4.88,21.0
1010,MYS,2007,4.37,29.0
1011,THA,2007,4.38,28.0
1012,JOR,2007,5.01,17.0
1013,MOZ,2007,4.57,24.0
1014,CHN,2007,5.16,13.0
1015,GHA,2007,5.0,18.0
1016,YEM,2007,4.25,31.5
1017,MEX,2007,4.58,23.0
1018,ETH,2007,5.14,14.0
1019,ISR,2007,4.27,30.0
1020,TUN,2007,4.0,37.0
1021,GIN,2007,4.55,25.0
1022,CIV,2007,4.01,35.5
1023,HND,2007,3.87,39.0
1024,BLR,2007,3.55,48.0
1025,LBN,2007,4.4,27.0
1026,SRB,2007,4.01,35.5
1027,KOR,2007,3.66,43.5
1028,AGO,2007,2.93,79.0
1029,SVK,2007,3.47,50.5
1030,ROM,2007,3.59,47.0
1031,UKR,2007,3.89,38.0
1032,BIH,2007,3.38,54.0
1033,CHE,2007,2.91,80.5
1034,BRA,2007,4.5,26.0
1035,UZB,2007,4.04,34.0
1036,ESP,2007,3.23,64.0
1037,KHM,2007,3.04,73.0
1038,PRY,2007,3.7,42.0
1039,SLV,2007,3.08,70.5
1040,PRT,2007,3.1,69.0
1041,BGR,2007,3.48,49.0
1042,CMR,2007,4.21,33.0
1043,NGA,2007,3.72,41.0
1044,MAR,2007,3.13,67.0
1045,POL,2007,3.47,50.5
1046,LKA,2007,3.61,46.0
1047,TJK,2007,3.8,40.0
1048,GBR,2007,3.12,68.0
1049,MRT,2007,3.33,56.5
1050,HUN,2007,3.33,56.5
1051,COL,2007,3.66,43.5
1052,COG,2007,2.62,91.0
1053,BGD,2007,3.3,60.0
1054,EST,2007,3.28,61.5
1055,PNG,2007,2.91,80.5
1056,LAO,2007,3.62,45.0
1057,SVN,2007,3.07,72.0
1058,HRV,2007,3.17,65.0
1059,FIN,2007,3.31,59.0
1060,NAM,2007,2.99,75.0
1061,GRC,2007,2.94,78.0
1062,DOM,2007,3.41,52.0
1063,IRL,2007,2.68,89.0
1064,NIC,2007,3.08,70.5
1065,CAN,2007,3.26,63.0
1066,CZE,2007,2.9,82.5
1067,ARG,2007,3.39,53.0
1068,LVA,2007,3.16,66.0
1069,BOL,2007,3.28,61.5
1070,ZAF,2007,3.37,55.0
1071,CRI,2007,3.0,74.0
1072,LTU,2007,2.97,76.5
1073,NLD,2007,2.61,92.5
1074,MNG,2007,2.84,85.0
1075,PER,2007,2.69,88.0
1076,MDA,2007,3.32,58.0
1077,BEL,2007,2.66,90.0
1078,DNK,2007,2.61,92.5
1079,SAU,2007,2.85,84.0
1080,SWE,2007,2.97,76.5
1081,ARE,2007,2.17,100.0
1082,MKD,2007,2.32,99.0
1083,RUS,2007,2.43,97.0
1084,URY,2007,2.79,86.0
1085,FRA,2007,2.36,98.0
1086,MUS,2007,2.04,103.0
1087,DZA,2007,1.98,105.0
1088,JPN,2007,2.9,82.5
1089,ECU,2007,2.1,101.5
1090,OMN,2007,1.91,109.0
1091,KAZ,2007,2.57,94.0
1092,USA,2007,1.9,111.0
1093,JAM,2007,1.48,118.0
1094,CHL,2007,2.1,101.5
1095,NZL,2007,2.7,87.0
1096,IRN,2007,1.9,111.0
1097,VEN,2007,1.99,104.0
1098,ALB,2007,2.54,95.0
1099,GEO,2007,1.9,111.0
1100,KWT,2007,1.78,113.0
1101,GAB,2007,2.46,96.0
1102,ITA,2007,1.52,117.0
1103,NOR,2007,1.74,116.0
1104,AUT,2007,1.92,107.5
1105,TKM,2007,1.97,106.0
1106,BWA,2007,1.4,119.0
1107,AZE,2007,1.77,114.0
1108,QAT,2007,1.75,115.0
1109,AUS,2007,1.92,107.5
1110,CUB,2007,1.03,120.0
1111,LBY,2007,0.81,121.0
1112,TTO,2007,0.54,122.0
1113,DEU,2007,-0.96,123.0
1114,KNA,2007,,
1115,SST,2007,,
1116,IMN,2007,,
1117,BMU,2007,,
1118,FSM,2007,,
1119,SYR,2007,4.25,31.5
1120,LCN,2007,,
1121,SSF,2007,,
1122,CPV,2007,,
1123,ECA,2007,,
1124,ISL,2007,,
1125,BFA,2007,,
1126,TGO,2007,,
1127,MCO,2007,,
1128,PYF,2007,,
1129,ERI,2007,,
1130,LIC,2007,,
1131,SLB,2007,,
1132,CYP,2007,,
1133,SOM,2007,,
1134,NCL,2007,,
1135,MNP,2007,,
1136,GMB,2007,,
1137,ABW,2007,,
1138,SAS,2007,,
1139,COM,2007,,
1140,SGP,2007,,
1141,GNB,2007,,
1142,TON,2007,,
1143,GRL,2007,,
1144,SWZ,2007,,
1145,SYC,2007,,
1146,EAP,2007,,
1147,MNA,2007,,
1148,OSS,2007,,
1149,BRN,2007,,
1150,MLT,2007,,
1151,CAF,2007,,
1152,ASM,2007,,
1153,TUV,2007,,
1154,NOC,2007,,
1155,EMU,2007,,
1156,LMC,2007,,
1157,AND,2007,,
1158,HIC,2007,,
1159,CSS,2007,,
1160,SXM,2007,,
1161,LCA,2007,,
1162,FCS,2007,,
1163,CEB,2007,,
1164,DJI,2007,,
1165,NPL,2007,,
1166,PAN,2007,,
1167,MAC,2007,,
1168,MHL,2007,,
1169,PRI,2007,,
1170,STP,2007,,
1171,SLE,2007,,
1172,DMA,2007,,
1173,PLW,2007,,
1174,VCT,2007,,
1175,CYM,2007,,
1176,BDI,2007,,
1177,LDC,2007,,
1178,VUT,2007,,
1179,MEA,2007,,
1180,MDV,2007,,
1181,FRO,2007,,
1182,ATG,2007,,
1183,INX,2007,,
1184,MAF,2007,,
1185,NAC,2007,,
1186,MIC,2007,,
1187,MMR,2007,,
1188,TCD,2007,,
1189,CUW,2007,,
1190,MNE,2007,,
1191,COD,2007,,
1192,EAS,2007,,
1193,WLD,2007,,
1194,AFG,2007,,
1195,BRB,2007,,
1196,GNQ,2007,,
1197,CHI,2007,,
1198,BHR,2007,,
1199,SMR,2007,,
1200,VIR,2007,,
1201,LUX,2007,,
1202,TLS,2007,,
1203,GUM,2007,,
1204,SSD,2007,,
1205,FJI,2007,,
1206,UMC,2007,,
1207,TCA,2007,,
1208,OEC,2007,,
1209,SUR,2007,,
1210,IRQ,2007,,
1211,ARM,2007,,
1212,RWA,2007,,
1213,EUU,2007,,
1214,LMY,2007,,
1215,BTN,2007,,
1216,NER,2007,,
1217,ARB,2007,,
1218,,2007,,
1219,KIR,2007,,
1220,HTI,2007,,
1221,LSO,2007,,
1222,OED,2007,,
1223,PSE,2007,,
1224,BEN,2007,,
1225,HKG,2007,,
1226,GRD,2007,,
1227,LIE,2007,,
1228,PSS,2007,,
1229,ECS,2007,,
1230,SSA,2007,,
1231,BHS,2007,,
1232,WSM,2007,,
1233,HPC,2007,,
1234,PRK,2007,,
1235,LAC,2007,,
1236,SDN,2007,,
1237,BLZ,2007,,
1238,GUY,2007,,
1239,LBR,2007,,
1240,IND,2008,7.99,1.0
1241,UGA,2008,6.74,3.0
1242,KEN,2008,6.7,4.0
1243,MWI,2008,6.08,5.0
1244,TZA,2008,6.97,2.0
1245,EGY,2008,5.29,10.0
1246,MDG,2008,5.84,6.0
1247,ZMB,2008,5.0,16.5
1248,SEN,2008,5.76,8.0
1249,PHL,2008,5.08,13.0
1250,MLI,2008,5.0,16.5
1251,GTM,2008,5.26,11.0
1252,TUR,2008,4.73,19.0
1253,KGZ,2008,4.67,20.0
1254,IDN,2008,5.44,9.0
1255,PAK,2008,5.14,12.0
1256,ZWE,2008,5.8,7.0
1257,VNM,2008,4.66,21.0
1258,MYS,2008,4.38,26.0
1259,THA,2008,4.48,24.0
1260,JOR,2008,4.94,18.0
1261,MOZ,2008,4.46,25.0
1262,CHN,2008,5.01,15.0
1263,GHA,2008,4.31,28.0
1264,YEM,2008,4.53,22.0
1265,MEX,2008,4.35,27.0
1266,ETH,2008,5.06,14.0
1267,ISR,2008,4.26,29.0
1268,TUN,2008,3.66,39.0
1269,GIN,2008,4.52,23.0
1270,CIV,2008,3.96,33.0
1271,HND,2008,3.7,38.0
1272,BLR,2008,3.4,49.0
1273,LBN,2008,4.2,30.0
1274,SRB,2008,3.9,34.0
1275,KOR,2008,3.49,44.0
1276,AGO,2008,2.91,79.0
1277,SVK,2008,3.38,50.5
1278,ROM,2008,3.46,46.0
1279,UKR,2008,3.55,42.0
1280,BIH,2008,3.46,46.0
1281,CHE,2008,2.94,77.5
1282,BRA,2008,4.07,31.0
1283,UZB,2008,3.83,37.0
1284,ESP,2008,3.01,71.5
1285,KHM,2008,3.02,70.0
1286,PRY,2008,3.56,41.0
1287,SLV,2008,3.38,50.5
1288,PRT,2008,3.04,68.5
1289,BGR,2008,3.22,60.0
1290,CMR,2008,3.89,35.0
1291,NGA,2008,3.41,48.0
1292,MAR,2008,2.95,76.0
1293,POL,2008,3.28,58.0
1294,LKA,2008,3.46,46.0
1295,TJK,2008,3.61,40.0
1296,GBR,2008,2.94,77.5
1297,MRT,2008,3.31,55.5
1298,HUN,2008,3.32,54.0
1299,COL,2008,4.06,32.0
1300,COG,2008,2.98,75.0
1301,BGD,2008,3.31,55.5
1302,EST,2008,3.21,61.5
1303,PNG,2008,3.3,57.0
1304,LAO,2008,3.52,43.0
1305,SVN,2008,2.86,80.0
1306,HRV,2008,3.01,71.5
1307,FIN,2008,3.13,66.5
1308,NAM,2008,3.26,59.0
1309,GRC,2008,3.14,65.0
1310,DOM,2008,3.21,61.5
1311,IRL,2008,3.04,68.5
1312,NIC,2008,3.17,63.0
1313,CAN,2008,3.0,73.5
1314,CZE,2008,2.74,83.0
1315,ARG,2008,3.33,53.0
1316,LVA,2008,3.0,73.5
1317,BOL,2008,3.37,52.0
1318,ZAF,2008,3.13,66.5
1319,CRI,2008,3.16,64.0
1320,LTU,2008,2.85,81.0
1321,NLD,2008,2.49,90.0
1322,MNG,2008,2.7,84.0
1323,PER,2008,2.8,82.0
1324,MDA,2008,2.69,85.0
1325,BEL,2008,2.54,89.0
1326,DNK,2008,2.48,91.0
1327,SAU,2008,1.72,108.0
1328,SWE,2008,2.68,86.0
1329,ARE,2008,1.98,101.0
1330,MKD,2008,2.19,96.0
1331,RUS,2008,2.22,95.0
1332,URY,2008,2.61,87.0
1333,FRA,2008,1.97,102.0
1334,MUS,2008,2.02,100.0
1335,DZA,2008,1.65,110.0
1336,JPN,2008,2.41,93.0
1337,ECU,2008,2.06,99.0
1338,OMN,2008,1.77,106.5
1339,KAZ,2008,2.47,92.0
1340,USA,2008,1.81,104.5
1341,JAM,2008,1.77,106.5
1342,CHL,2008,2.07,98.0
1343,NZL,2008,2.55,88.0
1344,IRN,2008,1.5,113.0
1345,VEN,2008,1.81,104.5
1346,ALB,2008,3.88,36.0
1347,GEO,2008,1.6,111.0
1348,KWT,2008,1.09,117.0
1349,GAB,2008,2.26,94.0
1350,ITA,2008,1.1,116.0
1351,NOR,2008,1.27,114.0
1352,AUT,2008,1.24,115.0
1353,TKM,2008,1.84,103.0
1354,BWA,2008,2.15,97.0
1355,AZE,2008,1.66,109.0
1356,QAT,2008,1.0,119.0
1357,AUS,2008,1.57,112.0
1358,CUB,2008,1.02,118.0
1359,LBY,2008,0.57,120.0
1360,TTO,2008,0.16,121.0
1361,DEU,2008,-1.61,122.0
1362,KNA,2008,,
1363,SST,2008,,
1364,IMN,2008,,
1365,BMU,2008,,
1366,FSM,2008,,
1367,SYR,2008,,
1368,LCN,2008,,
1369,SSF,2008,,
1370,CPV,2008,,
1371,ECA,2008,,
1372,ISL,2008,,
1373,BFA,2008,,
1374,TGO,2008,,
1375,MCO,2008,,
1376,PYF,2008,,
1377,ERI,2008,,
1378,LIC,2008,,
1379,SLB,2008,,
1380,CYP,2008,,
1381,SOM,2008,,
1382,NCL,2008,,
1383,MNP,2008,,
1384,GMB,2008,,
1385,ABW,2008,,
1386,SAS,2008,,
1387,COM,2008,,
1388,SGP,2008,,
1389,GNB,2008,,
1390,TON,2008,,
1391,GRL,2008,,
1392,SWZ,2008,,
1393,SYC,2008,,
1394,EAP,2008,,
1395,MNA,2008,,
1396,OSS,2008,,
1397,BRN,2008,,
1398,MLT,2008,,
1399,CAF,2008,,
1400,ASM,2008,,
1401,TUV,2008,,
1402,NOC,2008,,
1403,EMU,2008,,
1404,LMC,2008,,
1405,AND,2008,,
1406,HIC,2008,,
1407,CSS,2008,,
1408,SXM,2008,,
1409,LCA,2008,,
1410,FCS,2008,,
1411,CEB,2008,,
1412,DJI,2008,,
1413,NPL,2008,,
1414,PAN,2008,,
1415,MAC,2008,,
1416,MHL,2008,,
1417,PRI,2008,,
1418,STP,2008,,
1419,SLE,2008,,
1420,DMA,2008,,
1421,PLW,2008,,
1422,VCT,2008,,
1423,CYM,2008,,
1424,BDI,2008,,
1425,LDC,2008,,
1426,VUT,2008,,
1427,MEA,2008,,
1428,MDV,2008,,
1429,FRO,2008,,
1430,ATG,2008,,
1431,INX,2008,,
1432,MAF,2008,,
1433,NAC,2008,,
1434,MIC,2008,,
1435,MMR,2008,,
1436,TCD,2008,,
1437,CUW,2008,,
1438,MNE,2008,,
1439,COD,2008,,
1440,EAS,2008,,
1441,WLD,2008,,
1442,AFG,2008,,
1443,BRB,2008,,
1444,GNQ,2008,,
1445,CHI,2008,,
1446,BHR,2008,,
1447,SMR,2008,,
1448,VIR,2008,,
1449,LUX,2008,,
1450,TLS,2008,,
1451,GUM,2008,,
1452,SSD,2008,,
1453,FJI,2008,,
1454,UMC,2008,,
1455,TCA,2008,,
1456,OEC,2008,,
1457,SUR,2008,,
1458,IRQ,2008,,
1459,ARM,2008,,
1460,RWA,2008,,
1461,EUU,2008,,
1462,LMY,2008,,
1463,BTN,2008,,
1464,NER,2008,,
1465,ARB,2008,,
1466,,2008,,
1467,KIR,2008,,
1468,HTI,2008,,
1469,LSO,2008,,
1470,OED,2008,,
1471,PSE,2008,,
1472,BEN,2008,,
1473,HKG,2008,,
1474,GRD,2008,,
1475,LIE,2008,,
1476,PSS,2008,,
1477,ECS,2008,,
1478,SSA,2008,,
1479,BHS,2008,,
1480,WSM,2008,,
1481,HPC,2008,,
1482,PRK,2008,,
1483,LAC,2008,,
1484,SDN,2008,,
1485,BLZ,2008,,
1486,GUY,2008,,
1487,LBR,2008,,
1488,IND,2009,7.67,1.0
1489,UGA,2009,6.84,4.0
1490,KEN,2009,6.89,2.0
1491,MWI,2009,5.55,7.0
1492,TZA,2009,6.86,3.0
1493,EGY,2009,5.66,6.0
1494,MDG,2009,5.93,5.0
1495,ZMB,2009,5.07,14.0
1496,SEN,2009,5.31,9.0
1497,PHL,2009,5.03,16.0
1498,MLI,2009,5.37,8.0
1499,GTM,2009,5.04,15.0
1500,TUR,2009,4.98,17.0
1501,KGZ,2009,4.62,21.0
1502,IDN,2009,5.3,10.0
1503,PAK,2009,5.09,13.0
1504,ZWE,2009,5.16,12.0
1505,VNM,2009,4.55,23.0
1506,MYS,2009,4.3,26.5
1507,THA,2009,4.53,24.0
1508,JOR,2009,4.83,20.0
1509,MOZ,2009,4.91,19.0
1510,CHN,2009,4.94,18.0
1511,GHA,2009,4.27,28.0
1512,YEM,2009,4.58,22.0
1513,MEX,2009,4.32,25.0
1514,ETH,2009,5.25,11.0
1515,ISR,2009,4.22,29.0
1516,TUN,2009,4.07,31.0
1517,GIN,2009,4.3,26.5
1518,CIV,2009,3.87,35.0
1519,HND,2009,3.81,37.0
1520,BLR,2009,3.63,41.0
1521,LBN,2009,3.91,34.0
1522,SRB,2009,3.78,38.0
1523,KOR,2009,3.59,43.0
1524,AGO,2009,2.63,87.0
1525,SVK,2009,3.42,50.0
1526,ROM,2009,3.27,54.0
1527,UKR,2009,3.7,39.0
1528,BIH,2009,3.37,52.0
1529,CHE,2009,3.12,61.0
1530,BRA,2009,3.95,33.0
1531,UZB,2009,3.68,40.0
1532,ESP,2009,2.91,79.0
1533,KHM,2009,2.99,75.5
1534,PRY,2009,3.61,42.0
1535,SLV,2009,3.07,69.5
1536,PRT,2009,3.06,71.0
1537,BGR,2009,3.08,67.5
1538,CMR,2009,3.86,36.0
1539,NGA,2009,3.54,44.0
1540,MAR,2009,3.24,55.5
1541,POL,2009,3.09,65.5
1542,LKA,2009,3.12,61.0
1543,TJK,2009,3.47,47.0
1544,GBR,2009,3.05,72.0
1545,MRT,2009,3.48,45.5
1546,HUN,2009,3.4,51.0
1547,COL,2009,4.05,32.0
1548,COG,2009,2.84,82.0
1549,BGD,2009,3.11,63.0
1550,EST,2009,3.16,59.0
1551,PNG,2009,3.07,69.5
1552,LAO,2009,3.3,53.0
1553,SVN,2009,3.04,73.0
1554,HRV,2009,2.92,77.0
1555,FIN,2009,3.24,55.5
1556,NAM,2009,3.46,48.5
1557,GRC,2009,3.0,74.0
1558,DOM,2009,3.1,64.0
1559,IRL,2009,3.09,65.5
1560,NIC,2009,3.12,61.0
1561,CAN,2009,3.17,58.0
1562,CZE,2009,2.79,83.0
1563,ARG,2009,3.48,45.5
1564,LVA,2009,2.99,75.5
1565,BOL,2009,3.21,57.0
1566,ZAF,2009,3.46,48.5
1567,CRI,2009,2.91,79.0
1568,LTU,2009,2.88,81.0
1569,NLD,2009,2.42,93.0
1570,MNG,2009,3.08,67.5
1571,PER,2009,2.69,86.0
1572,MDA,2009,2.91,79.0
1573,BEL,2009,2.37,94.0
1574,DNK,2009,2.52,89.0
1575,SAU,2009,2.78,84.0
1576,SWE,2009,2.51,90.0
1577,ARE,2009,2.56,88.0
1578,MKD,2009,2.29,95.0
1579,RUS,2009,2.19,99.5
1580,URY,2009,2.5,91.0
1581,FRA,2009,2.2,98.0
1582,MUS,2009,2.05,104.0
1583,DZA,2009,2.26,97.0
1584,JPN,2009,2.09,102.0
1585,ECU,2009,2.13,101.0
1586,OMN,2009,2.01,106.0
1587,KAZ,2009,2.19,99.5
1588,USA,2009,1.79,111.0
1589,JAM,2009,1.94,109.0
1590,CHL,2009,1.99,107.0
1591,NZL,2009,2.27,96.0
1592,IRN,2009,1.5,114.0
1593,VEN,2009,2.45,92.0
1594,ALB,2009,4.09,30.0
1595,GEO,2009,1.88,110.0
1596,KWT,2009,1.95,108.0
1597,GAB,2009,2.08,103.0
1598,ITA,2009,1.2,117.0
1599,NOR,2009,1.44,115.0
1600,AUT,2009,1.58,112.0
1601,TKM,2009,2.02,105.0
1602,BWA,2009,2.76,85.0
1603,AZE,2009,1.11,118.0
1604,QAT,2009,1.56,113.0
1605,AUS,2009,1.37,116.0
1606,CUB,2009,1.03,119.0
1607,LBY,2009,0.66,120.0
1608,TTO,2009,0.63,121.0
1609,DEU,2009,-1.75,122.0
1610,KNA,2009,,
1611,SST,2009,,
1612,IMN,2009,,
1613,BMU,2009,,
1614,FSM,2009,,
1615,SYR,2009,,
1616,LCN,2009,,
1617,SSF,2009,,
1618,CPV,2009,,
1619,ECA,2009,,
1620,ISL,2009,,
1621,BFA,2009,,
1622,TGO,2009,,
1623,MCO,2009,,
1624,PYF,2009,,
1625,ERI,2009,,
1626,LIC,2009,,
1627,SLB,2009,,
1628,CYP,2009,,
1629,SOM,2009,,
1630,NCL,2009,,
1631,MNP,2009,,
1632,GMB,2009,,
1633,ABW,2009,,
1634,SAS,2009,,
1635,COM,2009,,
1636,SGP,2009,,
1637,GNB,2009,,
1638,TON,2009,,
1639,GRL,2009,,
1640,SWZ,2009,,
1641,SYC,2009,,
1642,EAP,2009,,
1643,MNA,2009,,
1644,OSS,2009,,
1645,BRN,2009,,
1646,MLT,2009,,
1647,CAF,2009,,
1648,ASM,2009,,
1649,TUV,2009,,
1650,NOC,2009,,
1651,EMU,2009,,
1652,LMC,2009,,
1653,AND,2009,,
1654,HIC,2009,,
1655,CSS,2009,,
1656,SXM,2009,,
1657,LCA,2009,,
1658,FCS,2009,,
1659,CEB,2009,,
1660,DJI,2009,,
1661,NPL,2009,,
1662,PAN,2009,,
1663,MAC,2009,,
1664,MHL,2009,,
1665,PRI,2009,,
1666,STP,2009,,
1667,SLE,2009,,
1668,DMA,2009,,
1669,PLW,2009,,
1670,VCT,2009,,
1671,CYM,2009,,
1672,BDI,2009,,
1673,LDC,2009,,
1674,VUT,2009,,
1675,MEA,2009,,
1676,MDV,2009,,
1677,FRO,2009,,
1678,ATG,2009,,
1679,INX,2009,,
1680,MAF,2009,,
1681,NAC,2009,,
1682,MIC,2009,,
1683,MMR,2009,,
1684,TCD,2009,,
1685,CUW,2009,,
1686,MNE,2009,,
1687,COD,2009,,
1688,EAS,2009,,
1689,WLD,2009,,
1690,AFG,2009,,
1691,BRB,2009,,
1692,GNQ,2009,,
1693,CHI,2009,,
1694,BHR,2009,,
1695,SMR,2009,,
1696,VIR,2009,,
1697,LUX,2009,,
1698,TLS,2009,,
1699,GUM,2009,,
1700,SSD,2009,,
1701,FJI,2009,,
1702,UMC,2009,,
1703,TCA,2009,,
1704,OEC,2009,,
1705,SUR,2009,,
1706,IRQ,2009,,
1707,ARM,2009,,
1708,RWA,2009,,
1709,EUU,2009,,
1710,LMY,2009,,
1711,BTN,2009,,
1712,NER,2009,,
1713,ARB,2009,,
1714,,2009,,
1715,KIR,2009,,
1716,HTI,2009,,
1717,LSO,2009,,
1718,OED,2009,,
1719,PSE,2009,,
1720,BEN,2009,,
1721,HKG,2009,,
1722,GRD,2009,,
1723,LIE,2009,,
1724,PSS,2009,,
1725,ECS,2009,,
1726,SSA,2009,,
1727,BHS,2009,,
1728,WSM,2009,,
1729,HPC,2009,,
1730,PRK,2009,,
1731,LAC,2009,,
1732,SDN,2009,,
1733,BLZ,2009,,
1734,GUY,2009,,
1735,LBR,2009,,
1736,IND,2010,7.69,1.0
1737,UGA,2010,6.87,2.0
1738,KEN,2010,6.77,3.0
1739,MWI,2010,5.71,6.0
1740,TZA,2010,6.48,5.0
1741,EGY,2010,5.61,7.0
1742,MDG,2010,6.55,4.0
1743,ZMB,2010,5.05,13.0
1744,SEN,2010,5.52,8.0
1745,PHL,2010,5.13,10.0
1746,MLI,2010,4.68,21.0
1747,GTM,2010,5.06,12.0
1748,TUR,2010,5.21,9.0
1749,KGZ,2010,4.2,28.0
1750,IDN,2010,4.88,18.0
1751,PAK,2010,5.09,11.0
1752,ZWE,2010,4.94,17.0
1753,VNM,2010,4.74,20.0
1754,MYS,2010,4.55,23.0
1755,THA,2010,4.63,22.0
1756,JOR,2010,5.01,14.0
1757,MOZ,2010,3.81,37.5
1758,CHN,2010,4.96,16.0
1759,GHA,2010,4.77,19.0
1760,YEM,2010,4.3,26.0
1761,MEX,2010,4.37,24.0
1762,ETH,2010,4.97,15.0
1763,ISR,2010,4.26,27.0
1764,TUN,2010,3.96,31.0
1765,GIN,2010,4.35,25.0
1766,CIV,2010,3.81,37.5
1767,HND,2010,3.92,32.0
1768,BLR,2010,3.34,51.0
1769,LBN,2010,3.9,33.0
1770,SRB,2010,3.86,36.0
1771,KOR,2010,3.8,39.0
1772,AGO,2010,2.97,79.0
1773,SVK,2010,3.48,44.5
1774,ROM,2010,3.42,48.0
1775,UKR,2010,3.89,34.0
1776,BIH,2010,3.52,41.5
1777,CHE,2010,3.17,67.0
1778,BRA,2010,3.87,35.0
1779,UZB,2010,3.99,30.0
1780,ESP,2010,3.15,69.0
1781,KHM,2010,3.08,72.5
1782,PRY,2010,3.52,41.5
1783,SLV,2010,3.08,72.5
1784,PRT,2010,3.19,63.5
1785,BGR,2010,3.48,44.5
1786,CMR,2010,4.03,29.0
1787,NGA,2010,3.35,49.5
1788,MAR,2010,3.18,65.5
1789,POL,2010,3.25,57.0
1790,LKA,2010,3.27,54.0
1791,TJK,2010,3.68,40.0
1792,GBR,2010,3.16,68.0
1793,MRT,2010,3.24,59.0
1794,HUN,2010,3.44,47.0
1795,COL,2010,3.49,43.0
1796,COG,2010,3.04,75.0
1797,BGD,2010,2.96,80.0
1798,EST,2010,3.27,54.0
1799,PNG,2010,3.27,54.0
1800,LAO,2010,3.24,59.0
1801,SVN,2010,3.19,63.5
1802,HRV,2010,3.12,71.0
1803,FIN,2010,3.24,59.0
1804,NAM,2010,3.26,56.0
1805,GRC,2010,3.0,76.5
1806,DOM,2010,3.21,62.0
1807,IRL,2010,3.0,76.5
1808,NIC,2010,2.82,83.0
1809,CAN,2010,3.22,61.0
1810,CZE,2010,3.13,70.0
1811,ARG,2010,3.28,52.0
1812,LVA,2010,2.99,78.0
1813,BOL,2010,3.45,46.0
1814,ZAF,2010,3.35,49.5
1815,CRI,2010,2.93,81.0
1816,LTU,2010,3.07,74.0
1817,NLD,2010,2.54,92.0
1818,MNG,2010,2.59,90.5
1819,PER,2010,2.8,84.0
1820,MDA,2010,3.18,65.5
1821,BEL,2010,2.64,88.0
1822,DNK,2010,2.63,89.0
1823,SAU,2010,2.9,82.0
1824,SWE,2010,2.66,87.0
1825,ARE,2010,2.68,86.0
1826,MKD,2010,2.59,90.5
1827,RUS,2010,2.38,95.5
1828,URY,2010,2.72,85.0
1829,FRA,2010,2.21,101.0
1830,MUS,2010,2.47,94.0
1831,DZA,2010,1.96,108.0
1832,JPN,2010,2.23,99.0
1833,ECU,2010,2.37,97.0
1834,OMN,2010,2.09,105.5
1835,KAZ,2010,2.2,102.5
1836,USA,2010,1.76,113.0
1837,JAM,2010,2.2,102.5
1838,CHL,2010,1.97,107.0
1839,NZL,2010,2.38,95.5
1840,IRN,2010,2.34,98.0
1841,VEN,2010,2.5,93.0
1842,ALB,2010,1.86,109.5
1843,GEO,2010,1.79,112.0
1844,KWT,2010,2.22,100.0
1845,GAB,2010,2.17,104.0
1846,ITA,2010,1.18,118.0
1847,NOR,2010,1.56,116.0
1848,AUT,2010,1.75,114.0
1849,TKM,2010,2.09,105.5
1850,BWA,2010,1.81,111.0
1851,AZE,2010,1.67,115.0
1852,QAT,2010,1.86,109.5
1853,AUS,2010,1.52,117.0
1854,CUB,2010,0.83,120.0
1855,LBY,2010,1.01,119.0
1856,TTO,2010,0.69,121.0
1857,DEU,2010,-1.44,122.0
1858,KNA,2010,,
1859,SST,2010,,
1860,IMN,2010,,
1861,BMU,2010,,
1862,FSM,2010,,
1863,SYR,2010,,
1864,LCN,2010,,
1865,SSF,2010,,
1866,CPV,2010,,
1867,ECA,2010,,
1868,ISL,2010,,
1869,BFA,2010,,
1870,TGO,2010,,
1871,MCO,2010,,
1872,PYF,2010,,
1873,ERI,2010,,
1874,LIC,2010,,
1875,SLB,2010,,
1876,CYP,2010,,
1877,SOM,2010,,
1878,NCL,2010,,
1879,MNP,2010,,
1880,GMB,2010,,
1881,ABW,2010,,
1882,SAS,2010,,
1883,COM,2010,,
1884,SGP,2010,,
1885,GNB,2010,,
1886,TON,2010,,
1887,GRL,2010,,
1888,SWZ,2010,,
1889,SYC,2010,,
1890,EAP,2010,,
1891,MNA,2010,,
1892,OSS,2010,,
1893,BRN,2010,,
1894,MLT,2010,,
1895,CAF,2010,,
1896,ASM,2010,,
1897,TUV,2010,,
1898,NOC,2010,,
1899,EMU,2010,,
1900,LMC,2010,,
1901,AND,2010,,
1902,HIC,2010,,
1903,CSS,2010,,
1904,SXM,2010,,
1905,LCA,2010,,
1906,FCS,2010,,
1907,CEB,2010,,
1908,DJI,2010,,
1909,NPL,2010,,
1910,PAN,2010,,
1911,MAC,2010,,
1912,MHL,2010,,
1913,PRI,2010,,
1914,STP,2010,,
1915,SLE,2010,,
1916,DMA,2010,,
1917,PLW,2010,,
1918,VCT,2010,,
1919,CYM,2010,,
1920,BDI,2010,,
1921,LDC,2010,,
1922,VUT,2010,,
1923,MEA,2010,,
1924,MDV,2010,,
1925,FRO,2010,,
1926,ATG,2010,,
1927,INX,2010,,
1928,MAF,2010,,
1929,NAC,2010,,
1930,MIC,2010,,
1931,MMR,2010,,
1932,TCD,2010,,
1933,CUW,2010,,
1934,MNE,2010,,
1935,COD,2010,,
1936,EAS,2010,,
1937,WLD,2010,,
1938,AFG,2010,,
1939,BRB,2010,,
1940,GNQ,2010,,
1941,CHI,2010,,
1942,BHR,2010,,
1943,SMR,2010,,
1944,VIR,2010,,
1945,LUX,2010,,
1946,TLS,2010,,
1947,GUM,2010,,
1948,SSD,2010,,
1949,FJI,2010,,
1950,UMC,2010,,
1951,TCA,2010,,
1952,OEC,2010,,
1953,SUR,2010,,
1954,IRQ,2010,,
1955,ARM,2010,,
1956,RWA,2010,,
1957,EUU,2010,,
1958,LMY,2010,,
1959,BTN,2010,,
1960,NER,2010,,
1961,ARB,2010,,
1962,,2010,,
1963,KIR,2010,,
1964,HTI,2010,,
1965,LSO,2010,,
1966,OED,2010,,
1967,PSE,2010,,
1968,BEN,2010,,
1969,HKG,2010,,
1970,GRD,2010,,
1971,LIE,2010,,
1972,PSS,2010,,
1973,ECS,2010,,
1974,SSA,2010,,
1975,BHS,2010,,
1976,WSM,2010,,
1977,HPC,2010,,
1978,PRK,2010,,
1979,LAC,2010,,
1980,SDN,2010,,
1981,BLZ,2010,,
1982,GUY,2010,,
1983,LBR,2010,,
1984,IND,2011,7.79,1.0
1985,UGA,2011,7.06,2.0
1986,KEN,2011,6.33,4.0
1987,MWI,2011,5.99,6.0
1988,TZA,2011,6.42,3.0
1989,EGY,2011,5.59,7.0
1990,MDG,2011,6.15,5.0
1991,ZMB,2011,5.3,11.0
1992,SEN,2011,5.26,12.0
1993,PHL,2011,5.39,9.0
1994,MLI,2011,4.86,17.0
1995,GTM,2011,5.36,10.0
1996,TUR,2011,5.25,13.0
1997,KGZ,2011,4.68,23.5
1998,IDN,2011,5.09,15.0
1999,PAK,2011,5.4,8.0
2000,ZWE,2011,4.78,21.0
2001,VNM,2011,5.16,14.0
2002,MYS,2011,4.68,23.5
2003,THA,2011,4.83,18.0
2004,JOR,2011,4.92,16.0
2005,MOZ,2011,4.39,28.0
2006,CHN,2011,4.76,22.0
2007,GHA,2011,4.81,19.0
2008,YEM,2011,4.8,20.0
2009,MEX,2011,4.32,30.0
2010,ETH,2011,4.53,26.0
2011,ISR,2011,4.35,29.0
2012,TUN,2011,4.23,31.0
2013,GIN,2011,4.43,27.0
2014,CIV,2011,3.95,35.0
2015,HND,2011,4.12,32.0
2016,BLR,2011,3.48,47.0
2017,LBN,2011,3.97,34.0
2018,SRB,2011,4.0,33.0
2019,KOR,2011,3.8,38.0
2020,AGO,2011,2.94,82.0
2021,SVK,2011,3.52,46.0
2022,ROM,2011,3.6,42.0
2023,UKR,2011,3.82,37.0
2024,BIH,2011,3.58,43.5
2025,CHE,2011,3.28,60.0
2026,BRA,2011,3.77,40.0
2027,UZB,2011,3.79,39.0
2028,ESP,2011,3.31,57.5
2029,KHM,2011,3.24,64.0
2030,PRY,2011,3.57,45.0
2031,SLV,2011,3.29,59.0
2032,PRT,2011,3.37,50.0
2033,BGR,2011,3.47,48.0
2034,CMR,2011,4.65,25.0
2035,NGA,2011,3.34,52.5
2036,MAR,2011,3.21,66.0
2037,POL,2011,3.25,62.5
2038,LKA,2011,3.58,43.5
2039,TJK,2011,3.85,36.0
2040,GBR,2011,3.18,67.0
2041,MRT,2011,3.46,49.0
2042,HUN,2011,3.36,51.0
2043,COL,2011,3.33,54.5
2044,COG,2011,2.99,81.0
2045,BGD,2011,3.27,61.0
2046,EST,2011,3.31,57.5
2047,PNG,2011,3.75,41.0
2048,LAO,2011,3.15,68.5
2049,SVN,2011,3.12,72.5
2050,HRV,2011,3.14,70.5
2051,FIN,2011,3.09,74.5
2052,NAM,2011,3.22,65.0
2053,GRC,2011,3.32,56.0
2054,DOM,2011,3.33,54.5
2055,IRL,2011,3.09,74.5
2056,NIC,2011,3.25,62.5
2057,CAN,2011,3.07,77.0
2058,CZE,2011,3.04,80.0
2059,ARG,2011,3.12,72.5
2060,LVA,2011,3.14,70.5
2061,BOL,2011,3.34,52.5
2062,ZAF,2011,3.06,78.5
2063,CRI,2011,3.08,76.0
2064,LTU,2011,3.06,78.5
2065,NLD,2011,2.71,85.5
2066,MNG,2011,2.85,84.0
2067,PER,2011,2.91,83.0
2068,MDA,2011,3.15,68.5
2069,BEL,2011,2.64,87.0
2070,DNK,2011,2.57,90.5
2071,SAU,2011,2.71,85.5
2072,SWE,2011,2.57,90.5
2073,ARE,2011,2.6,88.0
2074,MKD,2011,2.17,98.5
2075,RUS,2011,2.16,100.0
2076,URY,2011,2.59,89.0
2077,FRA,2011,2.15,101.0
2078,MUS,2011,2.28,95.0
2079,DZA,2011,2.34,94.0
2080,JPN,2011,2.13,102.0
2081,ECU,2011,2.42,93.0
2082,OMN,2011,1.88,110.0
2083,KAZ,2011,2.23,97.0
2084,USA,2011,1.93,109.0
2085,JAM,2011,2.06,105.0
2086,CHL,2011,2.17,98.5
2087,NZL,2011,2.45,92.0
2088,IRN,2011,2.24,96.0
2089,VEN,2011,2.02,106.0
2090,ALB,2011,2.09,104.0
2091,GEO,2011,2.12,103.0
2092,KWT,2011,1.98,108.0
2093,GAB,2011,2.0,107.0
2094,ITA,2011,1.28,119.0
2095,NOR,2011,1.42,117.0
2096,AUT,2011,1.46,116.0
2097,TKM,2011,1.65,112.0
2098,BWA,2011,1.63,113.0
2099,AZE,2011,1.47,115.0
2100,QAT,2011,1.73,111.0
2101,AUS,2011,1.38,118.0
2102,CUB,2011,0.96,120.0
2103,LBY,2011,1.62,114.0
2104,TTO,2011,0.43,121.0
2105,DEU,2011,-1.48,122.0
2106,KNA,2011,,
2107,SST,2011,,
2108,IMN,2011,,
2109,BMU,2011,,
2110,FSM,2011,,
2111,SYR,2011,,
2112,LCN,2011,,
2113,SSF,2011,,
2114,CPV,2011,,
2115,ECA,2011,,
2116,ISL,2011,,
2117,BFA,2011,,
2118,TGO,2011,,
2119,MCO,2011,,
2120,PYF,2011,,
2121,ERI,2011,,
2122,LIC,2011,,
2123,SLB,2011,,
2124,CYP,2011,,
2125,SOM,2011,,
2126,NCL,2011,,
2127,MNP,2011,,
2128,GMB,2011,,
2129,ABW,2011,,
2130,SAS,2011,,
2131,COM,2011,,
2132,SGP,2011,,
2133,GNB,2011,,
2134,TON,2011,,
2135,GRL,2011,,
2136,SWZ,2011,,
2137,SYC,2011,,
2138,EAP,2011,,
2139,MNA,2011,,
2140,OSS,2011,,
2141,BRN,2011,,
2142,MLT,2011,,
2143,CAF,2011,,
2144,ASM,2011,,
2145,TUV,2011,,
2146,NOC,2011,,
2147,EMU,2011,,
2148,LMC,2011,,
2149,AND,2011,,
2150,HIC,2011,,
2151,CSS,2011,,
2152,SXM,2011,,
2153,LCA,2011,,
2154,FCS,2011,,
2155,CEB,2011,,
2156,DJI,2011,,
2157,NPL,2011,,
2158,PAN,2011,,
2159,MAC,2011,,
2160,MHL,2011,,
2161,PRI,2011,,
2162,STP,2011,,
2163,SLE,2011,,
2164,DMA,2011,,
2165,PLW,2011,,
2166,VCT,2011,,
2167,CYM,2011,,
2168,BDI,2011,,
2169,LDC,2011,,
2170,VUT,2011,,
2171,MEA,2011,,
2172,MDV,2011,,
2173,FRO,2011,,
2174,ATG,2011,,
2175,INX,2011,,
2176,MAF,2011,,
2177,NAC,2011,,
2178,MIC,2011,,
2179,MMR,2011,,
2180,TCD,2011,,
2181,CUW,2011,,
2182,MNE,2011,,
2183,COD,2011,,
2184,EAS,2011,,
2185,WLD,2011,,
2186,AFG,2011,,
2187,BRB,2011,,
2188,GNQ,2011,,
2189,CHI,2011,,
2190,BHR,2011,,
2191,SMR,2011,,
2192,VIR,2011,,
2193,LUX,2011,,
2194,TLS,2011,,
2195,GUM,2011,,
2196,SSD,2011,,
2197,FJI,2011,,
2198,UMC,2011,,
2199,TCA,2011,,
2200,OEC,2011,,
2201,SUR,2011,,
2202,IRQ,2011,,
2203,ARM,2011,,
2204,RWA,2011,,
2205,EUU,2011,,
2206,LMY,2011,,
2207,BTN,2011,,
2208,NER,2011,,
2209,ARB,2011,,
2210,,2011,,
2211,KIR,2011,,
2212,HTI,2011,,
2213,LSO,2011,,
2214,OED,2011,,
2215,PSE,2011,,
2216,BEN,2011,,
2217,HKG,2011,,
2218,GRD,2011,,
2219,LIE,2011,,
2220,PSS,2011,,
2221,ECS,2011,,
2222,SSA,2011,,
2223,BHS,2011,,
2224,WSM,2011,,
2225,HPC,2011,,
2226,PRK,2011,,
2227,LAC,2011,,
2228,SDN,2011,,
2229,BLZ,2011,,
2230,GUY,2011,,
2231,LBR,2011,,
2232,IND,2012,7.73,1.0
2233,UGA,2012,7.29,2.0
2234,KEN,2012,6.43,4.0
2235,MWI,2012,5.9,5.0
2236,TZA,2012,6.82,3.0
2237,EGY,2012,5.56,9.0
2238,MDG,2012,5.74,6.0
2239,ZMB,2012,5.61,8.0
2240,SEN,2012,5.72,7.0
2241,PHL,2012,5.38,11.0
2242,MLI,2012,5.02,14.5
2243,GTM,2012,5.25,12.0
2244,TUR,2012,5.09,13.0
2245,KGZ,2012,5.42,10.0
2246,IDN,2012,5.02,14.5
2247,PAK,2012,4.95,16.0
2248,ZWE,2012,4.74,20.0
2249,VNM,2012,4.89,18.0
2250,MYS,2012,4.87,19.0
2251,THA,2012,4.71,21.0
2252,JOR,2012,4.91,17.0
2253,MOZ,2012,4.41,26.0
2254,CHN,2012,4.64,22.0
2255,GHA,2012,4.13,30.0
2256,YEM,2012,4.53,24.0
2257,MEX,2012,4.29,28.0
2258,ETH,2012,4.58,23.0
2259,ISR,2012,4.48,25.0
2260,TUN,2012,4.15,29.0
2261,GIN,2012,4.32,27.0
2262,CIV,2012,3.93,34.0
2263,HND,2012,4.01,31.0
2264,BLR,2012,3.81,36.0
2265,LBN,2012,3.26,65.0
2266,SRB,2012,3.84,35.0
2267,KOR,2012,3.72,38.0
2268,AGO,2012,3.17,69.0
2269,SVK,2012,3.42,54.0
2270,ROM,2012,3.65,41.0
2271,UKR,2012,3.75,37.0
2272,BIH,2012,3.71,39.5
2273,CHE,2012,3.26,65.0
2274,BRA,2012,3.62,42.0
2275,UZB,2012,3.97,33.0
2276,ESP,2012,3.37,57.0
2277,KHM,2012,3.61,44.0
2278,PRY,2012,3.71,39.5
2279,SLV,2012,3.36,59.5
2280,PRT,2012,3.52,47.0
2281,BGR,2012,3.5,48.0
2282,CMR,2012,4.0,32.0
2283,NGA,2012,3.61,44.0
2284,MAR,2012,3.22,67.0
2285,POL,2012,3.36,59.5
2286,LKA,2012,3.61,44.0
2287,TJK,2012,3.49,49.0
2288,GBR,2012,3.18,68.0
2289,MRT,2012,3.59,46.0
2290,HUN,2012,3.37,57.0
2291,COL,2012,3.28,63.0
2292,COG,2012,2.85,83.0
2293,BGD,2012,3.46,52.0
2294,EST,2012,3.31,62.0
2295,PNG,2012,3.47,50.0
2296,LAO,2012,3.33,61.0
2297,SVN,2012,3.26,65.0
2298,HRV,2012,3.13,71.5
2299,FIN,2012,3.06,77.0
2300,NAM,2012,3.38,55.0
2301,GRC,2012,3.1,74.0
2302,DOM,2012,3.08,75.5
2303,IRL,2012,2.95,81.5
2304,NIC,2012,3.37,57.0
2305,CAN,2012,3.13,71.5
2306,CZE,2012,2.95,81.5
2307,ARG,2012,3.12,73.0
2308,LVA,2012,2.96,80.0
2309,BOL,2012,3.46,52.0
2310,ZAF,2012,3.08,75.5
2311,CRI,2012,3.04,78.0
2312,LTU,2012,3.15,70.0
2313,NLD,2012,2.72,85.0
2314,MNG,2012,2.32,94.0
2315,PER,2012,2.97,79.0
2316,MDA,2012,3.46,52.0
2317,BEL,2012,2.81,84.0
2318,DNK,2012,2.68,86.0
2319,SAU,2012,2.46,90.0
2320,SWE,2012,2.61,88.0
2321,ARE,2012,2.33,93.0
2322,MKD,2012,2.52,89.0
2323,RUS,2012,2.31,95.0
2324,URY,2012,2.37,92.0
2325,FRA,2012,2.4,91.0
2326,MUS,2012,2.13,99.0
2327,DZA,2012,1.62,110.5
2328,JPN,2012,1.98,102.0
2329,ECU,2012,2.63,87.0
2330,OMN,2012,2.11,100.0
2331,KAZ,2012,2.15,98.0
2332,USA,2012,1.88,103.0
2333,JAM,2012,1.85,104.0
2334,CHL,2012,2.05,101.0
2335,NZL,2012,2.29,96.0
2336,IRN,2012,1.72,107.0
2337,VEN,2012,1.62,110.5
2338,ALB,2012,2.16,97.0
2339,GEO,2012,1.71,108.0
2340,KWT,2012,1.53,115.0
2341,GAB,2012,1.78,105.0
2342,ITA,2012,1.45,116.0
2343,NOR,2012,1.21,119.0
2344,AUT,2012,1.59,113.0
2345,TKM,2012,1.58,114.0
2346,BWA,2012,1.68,109.0
2347,AZE,2012,1.36,118.0
2348,QAT,2012,1.61,112.0
2349,AUS,2012,1.38,117.0
2350,CUB,2012,1.74,106.0
2351,LBY,2012,0.02,121.0
2352,TTO,2012,0.51,120.0
2353,DEU,2012,-1.14,122.0
2354,KNA,2012,,
2355,SST,2012,,
2356,IMN,2012,,
2357,BMU,2012,,
2358,FSM,2012,,
2359,SYR,2012,,
2360,LCN,2012,,
2361,SSF,2012,,
2362,CPV,2012,,
2363,ECA,2012,,
2364,ISL,2012,,
2365,BFA,2012,,
2366,TGO,2012,,
2367,MCO,2012,,
2368,PYF,2012,,
2369,ERI,2012,,
2370,LIC,2012,,
2371,SLB,2012,,
2372,CYP,2012,,
2373,SOM,2012,,
2374,NCL,2012,,
2375,MNP,2012,,
2376,GMB,2012,,
2377,ABW,2012,,
2378,SAS,2012,,
2379,COM,2012,,
2380,SGP,2012,,
2381,GNB,2012,,
2382,TON,2012,,
2383,GRL,2012,,
2384,SWZ,2012,,
2385,SYC,2012,,
2386,EAP,2012,,
2387,MNA,2012,,
2388,OSS,2012,,
2389,BRN,2012,,
2390,MLT,2012,,
2391,CAF,2012,,
2392,ASM,2012,,
2393,TUV,2012,,
2394,NOC,2012,,
2395,EMU,2012,,
2396,LMC,2012,,
2397,AND,2012,,
2398,HIC,2012,,
2399,CSS,2012,,
2400,SXM,2012,,
2401,LCA,2012,,
2402,FCS,2012,,
2403,CEB,2012,,
2404,DJI,2012,,
2405,NPL,2012,,
2406,PAN,2012,,
2407,MAC,2012,,
2408,MHL,2012,,
2409,PRI,2012,,
2410,STP,2012,,
2411,SLE,2012,,
2412,DMA,2012,,
2413,PLW,2012,,
2414,VCT,2012,,
2415,CYM,2012,,
2416,BDI,2012,,
2417,LDC,2012,,
2418,VUT,2012,,
2419,MEA,2012,,
2420,MDV,2012,,
2421,FRO,2012,,
2422,ATG,2012,,
2423,INX,2012,,
2424,MAF,2012,,
2425,NAC,2012,,
2426,MIC,2012,,
2427,MMR,2012,,
2428,TCD,2012,,
2429,CUW,2012,,
2430,MNE,2012,,
2431,COD,2012,,
2432,EAS,2012,,
2433,WLD,2012,,
2434,AFG,2012,,
2435,BRB,2012,,
2436,GNQ,2012,,
2437,CHI,2012,,
2438,BHR,2012,,
2439,SMR,2012,,
2440,VIR,2012,,
2441,LUX,2012,,
2442,TLS,2012,,
2443,GUM,2012,,
2444,SSD,2012,,
2445,FJI,2012,,
2446,UMC,2012,,
2447,TCA,2012,,
2448,OEC,2012,,
2449,SUR,2012,,
2450,IRQ,2012,,
2451,ARM,2012,,
2452,RWA,2012,,
2453,EUU,2012,,
2454,LMY,2012,,
2455,BTN,2012,,
2456,NER,2012,,
2457,ARB,2012,,
2458,,2012,,
2459,KIR,2012,,
2460,HTI,2012,,
2461,LSO,2012,,
2462,OED,2012,,
2463,PSE,2012,,
2464,BEN,2012,,
2465,HKG,2012,,
2466,GRD,2012,,
2467,LIE,2012,,
2468,PSS,2012,,
2469,ECS,2012,,
2470,SSA,2012,,
2471,BHS,2012,,
2472,WSM,2012,,
2473,HPC,2012,,
2474,PRK,2012,,
2475,LAC,2012,,
2476,SDN,2012,,
2477,BLZ,2012,,
2478,GUY,2012,,
2479,LBR,2012,,
2480,IND,2013,7.89,1.0
2481,UGA,2013,7.0,2.0
2482,KEN,2013,6.74,3.0
2483,MWI,2013,6.54,4.5
2484,TZA,2013,6.54,4.5
2485,EGY,2013,6.03,6.0
2486,MDG,2013,5.85,7.0
2487,ZMB,2013,5.82,8.0
2488,SEN,2013,5.53,9.5
2489,PHL,2013,5.53,9.5
2490,MLI,2013,5.37,11.0
2491,GTM,2013,5.3,12.0
2492,TUR,2013,5.29,13.0
2493,KGZ,2013,5.25,14.0
2494,IDN,2013,5.15,15.0
2495,PAK,2013,5.13,16.0
2496,ZWE,2013,4.93,17.0
2497,VNM,2013,4.91,18.0
2498,MYS,2013,4.89,19.5
2499,THA,2013,4.89,19.5
2500,JOR,2013,4.78,21.0
2501,MOZ,2013,4.63,22.0
2502,CHN,2013,4.56,23.0
2503,GHA,2013,4.5,24.0
2504,YEM,2013,4.45,25.0
2505,MEX,2013,4.43,26.0
2506,ETH,2013,4.41,27.0
2507,ISR,2013,4.38,28.0
2508,TUN,2013,4.18,29.0
2509,GIN,2013,4.17,30.0
2510,CIV,2013,4.05,31.0
2511,HND,2013,3.94,32.0
2512,BLR,2013,3.91,33.0
2513,LBN,2013,3.87,34.5
2514,SRB,2013,3.87,34.5
2515,KOR,2013,3.85,36.0
2516,AGO,2013,3.71,37.0
2517,SVK,2013,3.69,38.0
2518,ROM,2013,3.67,39.0
2519,UKR,2013,3.65,40.0
2520,BIH,2013,3.63,41.0
2521,CHE,2013,3.62,43.0
2522,BRA,2013,3.62,43.0
2523,UZB,2013,3.62,43.0
2524,ESP,2013,3.6,45.0
2525,KHM,2013,3.53,46.0
2526,PRY,2013,3.52,47.0
2527,SLV,2013,3.5,48.5
2528,PRT,2013,3.5,48.5
2529,BGR,2013,3.49,50.0
2530,CMR,2013,3.46,51.0
2531,NGA,2013,3.44,52.0
2532,MAR,2013,3.43,53.0
2533,POL,2013,3.42,54.0
2534,LKA,2013,3.39,55.0
2535,TJK,2013,3.38,56.0
2536,GBR,2013,3.36,57.0
2537,MRT,2013,3.34,58.0
2538,HUN,2013,3.33,59.5
2539,COL,2013,3.33,59.5
2540,COG,2013,3.3,61.0
2541,BGD,2013,3.29,62.0
2542,EST,2013,3.28,63.0
2543,PNG,2013,3.27,64.0
2544,LAO,2013,3.21,65.0
2545,SVN,2013,3.19,67.0
2546,HRV,2013,3.19,67.0
2547,FIN,2013,3.19,67.0
2548,NAM,2013,3.14,69.5
2549,GRC,2013,3.14,69.5
2550,DOM,2013,3.12,71.0
2551,IRL,2013,3.09,72.0
2552,NIC,2013,3.07,73.0
2553,CAN,2013,3.02,75.0
2554,CZE,2013,3.02,75.0
2555,ARG,2013,3.02,75.0
2556,LVA,2013,2.99,77.0
2557,BOL,2013,2.97,78.0
2558,ZAF,2013,2.96,79.0
2559,CRI,2013,2.94,80.0
2560,LTU,2013,2.91,81.0
2561,NLD,2013,2.84,82.0
2562,MNG,2013,2.81,83.0
2563,PER,2013,2.77,84.0
2564,MDA,2013,2.76,85.0
2565,BEL,2013,2.74,86.0
2566,DNK,2013,2.73,87.0
2567,SAU,2013,2.66,88.0
2568,SWE,2013,2.6,89.0
2569,ARE,2013,2.53,90.5
2570,MKD,2013,2.53,90.5
2571,RUS,2013,2.51,92.0
2572,URY,2013,2.41,93.0
2573,FRA,2013,2.37,94.0
2574,MUS,2013,2.31,95.0
2575,DZA,2013,2.23,96.0
2576,JPN,2013,2.13,97.0
2577,ECU,2013,2.12,98.0
2578,OMN,2013,2.1,99.0
2579,KAZ,2013,2.09,100.5
2580,USA,2013,2.09,100.5
2581,JAM,2013,2.04,102.0
2582,CHL,2013,2.03,103.0
2583,NZL,2013,2.01,104.0
2584,IRN,2013,1.97,105.0
2585,VEN,2013,1.93,106.0
2586,ALB,2013,1.91,107.0
2587,GEO,2013,1.9,108.0
2588,KWT,2013,1.87,109.0
2589,GAB,2013,1.8,110.0
2590,ITA,2013,1.62,111.0
2591,NOR,2013,1.61,112.0
2592,AUT,2013,1.6,113.0
2593,TKM,2013,1.57,114.0
2594,BWA,2013,1.54,115.0
2595,AZE,2013,1.47,116.0
2596,QAT,2013,1.36,117.5
2597,AUS,2013,1.36,117.5
2598,CUB,2013,1.25,119.0
2599,LBY,2013,0.69,120.0
2600,TTO,2013,0.67,121.0
2601,DEU,2013,-1.33,122.0
2602,KNA,2013,,
2603,SST,2013,,
2604,IMN,2013,,
2605,BMU,2013,,
2606,FSM,2013,,
2607,SYR,2013,,
2608,LCN,2013,,
2609,SSF,2013,,
2610,CPV,2013,,
2611,ECA,2013,,
2612,ISL,2013,,
2613,BFA,2013,,
2614,TGO,2013,,
2615,MCO,2013,,
2616,PYF,2013,,
2617,ERI,2013,,
2618,LIC,2013,,
2619,SLB,2013,,
2620,CYP,2013,,
2621,SOM,2013,,
2622,NCL,2013,,
2623,MNP,2013,,
2624,GMB,2013,,
2625,ABW,2013,,
2626,SAS,2013,,
2627,COM,2013,,
2628,SGP,2013,,
2629,GNB,2013,,
2630,TON,2013,,
2631,GRL,2013,,
2632,SWZ,2013,,
2633,SYC,2013,,
2634,EAP,2013,,
2635,MNA,2013,,
2636,OSS,2013,,
2637,BRN,2013,,
2638,MLT,2013,,
2639,CAF,2013,,
2640,ASM,2013,,
2641,TUV,2013,,
2642,NOC,2013,,
2643,EMU,2013,,
2644,LMC,2013,,
2645,AND,2013,,
2646,HIC,2013,,
2647,CSS,2013,,
2648,SXM,2013,,
2649,LCA,2013,,
2650,FCS,2013,,
2651,CEB,2013,,
2652,DJI,2013,,
2653,NPL,2013,,
2654,PAN,2013,,
2655,MAC,2013,,
2656,MHL,2013,,
2657,PRI,2013,,
2658,STP,2013,,
2659,SLE,2013,,
2660,DMA,2013,,
2661,PLW,2013,,
2662,VCT,2013,,
2663,CYM,2013,,
2664,BDI,2013,,
2665,LDC,2013,,
2666,VUT,2013,,
2667,MEA,2013,,
2668,MDV,2013,,
2669,FRO,2013,,
2670,ATG,2013,,
2671,INX,2013,,
2672,MAF,2013,,
2673,NAC,2013,,
2674,MIC,2013,,
2675,MMR,2013,,
2676,TCD,2013,,
2677,CUW,2013,,
2678,MNE,2013,,
2679,COD,2013,,
2680,EAS,2013,,
2681,WLD,2013,,
2682,AFG,2013,,
2683,BRB,2013,,
2684,GNQ,2013,,
2685,CHI,2013,,
2686,BHR,2013,,
2687,SMR,2013,,
2688,VIR,2013,,
2689,LUX,2013,,
2690,TLS,2013,,
2691,GUM,2013,,
2692,SSD,2013,,
2693,FJI,2013,,
2694,UMC,2013,,
2695,TCA,2013,,
2696,OEC,2013,,
2697,SUR,2013,,
2698,IRQ,2013,,
2699,ARM,2013,,
2700,RWA,2013,,
2701,EUU,2013,,
2702,LMY,2013,,
2703,BTN,2013,,
2704,NER,2013,,
2705,ARB,2013,,
2706,,2013,,
2707,KIR,2013,,
2708,HTI,2013,,
2709,LSO,2013,,
2710,OED,2013,,
2711,PSE,2013,,
2712,BEN,2013,,
2713,HKG,2013,,
2714,GRD,2013,,
2715,LIE,2013,,
2716,PSS,2013,,
2717,ECS,2013,,
2718,SSA,2013,,
2719,BHS,2013,,
2720,WSM,2013,,
2721,HPC,2013,,
2722,PRK,2013,,
2723,LAC,2013,,
2724,SDN,2013,,
2725,BLZ,2013,,
2726,GUY,2013,,
2727,LBR,2013,,
